{
  "chunks": [
    "Основные статьи расходов: банкет (40-50%), фотограф и видеограф (15-20%), платье и костюм (10-15%), \n    цветы и декор (10-15%), ведущий и музыка (5-10%).",
    "Стандартный сценарий: сборы жениха и невесты (утро), выкуп (опционально), \n    регистрация в ЗАГСе, фотосессия, банкет (5-6 часов)."
  ],
  "metadata": [
    {
      "doc_id": 0,
      "metadata": {
        "source": "wedding_guide",
        "category": "planning"
      },
      "chunk_text": "Основные статьи расходов: банкет (40-50%), фотограф и видеограф (15-20%), платье и костюм (10-15%), \n    цветы и декор (10-15%), ведущий и музыка (5-10%)."
    },
    {
      "doc_id": 0,
      "metadata": {
        "source": "wedding_guide",
        "category": "planning"
      },
      "chunk_text": "Стандартный сценарий: сборы жениха и невесты (утро), выкуп (опционально), \n    регистрация в ЗАГСе, фотосессия, банкет (5-6 часов)."
    }
  ],
  "embeddings": [
    [
      0.16068813083915415,
      0.6427525233566166,
      0.22584156118155066,
      0.22584156118155066,
      0.22584156118155066,
      0.22584156118155066,
      0.22584156118155066,
      0.22584156118155066,
      0.22584156118155066,
      0.22584156118155066,
      0.22584156118155066,
      0.22584156118155066,
      0.22584156118155066,
      0.0,
      0.0,
      0.0,
      0.0,
      0.0,
      0.0,
      0.0,
      0.0,
      0.0,
      0.0,
      0.0,
      0.0,
      0.0
    ],
    [
      0.19007382119455773,
      0.19007382119455773,
      0.0,
      0.0,
      0.0,
      0.0,
      0.0,
      0.0,
      0.0,
      0.0,
      0.0,
      0.0,
      0.0,
      0.26714212365374096,
      0.26714212365374096,
      0.26714212365374096,
      0.26714212365374096,
      0.26714212365374096,
      0.26714212365374096,
      0.26714212365374096,
      0.26714212365374096,
      0.26714212365374096,
      0.26714212365374096,
      0.26714212365374096,
      0.26714212365374096,
      0.26714212365374096
    ]
  ],
  "dimension": 26,
  "vocabulary": {
    "банкет": 0,
    "и": 1,
    "основные": 2,
    "костюм": 3,
    "музыка": 4,
    "ведущий": 5,
    "платье": 6,
    "фотограф": 7,
    "цветы": 8,
    "декор": 9,
    "статьи": 10,
    "видеограф": 11,
    "расходов": 12,
    "выкуп": 13,
    "невесты": 14,
    "опционально": 15,
    "сборы": 16,
    "сценарий": 17,
    "жениха": 18,
    "в": 19,
    "стандартный": 20,
    "регистрация": 21,
    "фотосессия": 22,
    "загсе": 23,
    "утро": 24,
    "часов": 25
  },
  "idf": {
    "основные": 1.4054651081081644,
    "костюм": 1.4054651081081644,
    "банкет": 1.0,
    "музыка": 1.4054651081081644,
    "ведущий": 1.4054651081081644,
    "платье": 1.4054651081081644,
    "фотограф": 1.4054651081081644,
    "и": 1.0,
    "цветы": 1.4054651081081644,
    "декор": 1.4054651081081644,
    "статьи": 1.4054651081081644,
    "видеограф": 1.4054651081081644,
    "расходов": 1.4054651081081644,
    "выкуп": 1.4054651081081644,
    "невесты": 1.4054651081081644,
    "опционально": 1.4054651081081644,
    "сборы": 1.4054651081081644,
    "сценарий": 1.4054651081081644,
    "жениха": 1.4054651081081644,
    "в": 1.4054651081081644,
    "стандартный": 1.4054651081081644,
    "регистрация": 1.4054651081081644,
    "фотосессия": 1.4054651081081644,
    "загсе": 1.4054651081081644,
    "утро": 1.4054651081081644,
    "часов": 1.4054651081081644
  }
}